{"frozen": [0.8208112874779542, 0.5446614042376402, 0.7194552529182879, 0.40502079836532145, 0.7153549926777676, 0.6543580032612698, 0.40532636668486316, 0.7007168458781362, 0.7161031134917978, 0.6739593417231365, 0.7343716201600692, 0.7320988330685366, 0.0, 0.34200407147704137, 0.2872761349437734, 0.5598837443991442, 0.21964058812851697, 0.6875565117076669, 0.4220018034265104, 0.7542845755280988, 0.7365932006781476, 0.7178654292343387, 0.0, 0.655076845553036, 0.49433879300868416, 0.4384035961608553, 0.5712414723302773, 0.3003693964437766, 0.7303822937625755, 0.40378103837471785, 0.36986986986986986, 0.6954869358669834, 0.6306926210955184, 0.0, 0.0, 0.5110332980972516, 0.0, 0.0, 0.3606139933365064, 0.2580463260171771, 0.5077631438055467, 0.48487394957983193, 0.0, 0.2319258724962548, 0.6112526304131133, 0.5450173030676286, 0.7008810572687225, 0.8077935755660874, 0.02991541159480091, 0.2875816993464052, 0.694017094017094, 0.38293091473628305, 0.38078040354871634, 0.6627218934911243, 0.553704233409611, 0.0, 0.6687954411475732, 0.5478509679775965, 0.0, 0.0, 0.5964110658802028, 0.768064228367529, 0.6068299258593575, 0.7217227117424924, 0.8455723542116631, 0.326009351903062, 0.4736333784044814, 0.5941120607787275, 0.0, 0.0, 0.6841934274647007], "southpark": [0.4932954301652006, 0.0, 0.5644858766551888, 0.7750359692700274, 0.5887825386886125, 0.62424046219743, 0.5933866724821787, 0.25682490491618537, 0.6082002688612741, 0.0, 0.3896880415944541, 0.06358287904139905, 0.2303887364128328, 0.2764040738859633, 0.0, 0.0, 0.540068886337543, 0.40394497645324284, 0.20453658017109794, 0.1359027188623601, 0.0, 0.22088562164302863, 0.7896802973977696, 0.4341021106888897, 0.5259274785160344, 0.5551398407112428, 0.0, 0.6101857893471616, 0.0, 0.45353095030514384, 0.09290179191554382, 0.0, 0.7298720094070824, 0.0, 0.28884600847440767, 0.10029234737747206, 0.6224518766679916, 0.646730693329825, 0.29262625786904034, 0.45527382411160333, 0.0, 0.2872550977793111, 0.0, 0.3327556325823224, 0.5474830821866117, 0.7899691522178491, 0.7423480775575957, 0.7183382460383443, 0.6964869281045751, 0.6092071442694259, 0.09339269128527047, 0.691861672153513, 0.6104027399521333, 0.28556768225880264, 0.7729969786320119, 0.7657366737576713, 0.0, 0.6509951729154269, 0.0, 0.0, 0.5905921052631579, 0.0, 0.7509967621952851, 0.5882352941176471, 0.13901559581215517, 0.8750144525378657, 0.4831093352706139, 0.16448623603161625, 0.30670214220361974, 0.27913159060700043], "simpsons": [0.5601702607117148, 0.0, 0.0, 0.3563077996859187, 0.0, 0.0, 0.0, 0.0, 0.004218491052446557, 0.11561866125760649, 0.0, 0.4338436303991252, 0.038680116502095616, 0.0, 0.40231220070045026, 0.22295914189797755, 0.0, 0.0, 0.0, 0.0, 0.0, 0.5045045045045045, 0.0, 0.0, 0.523133109082172, 0.34621347295755694, 0.0, 0.0, 0.08204441005218606, 0.8372669901141794, 0.0, 0.0, 0.0, 0.0, 0.0, 0.0, 0.47842703409433773, 0.0, 0.0, 0.04062636689703438, 0.0, 0.12214419624416128, 0.002176694098103985, 0.41978790939258404, 0.20873981511929554, 0.1876030534351145, 0.6091120692944633, 0.443514837755385, 0.3836042795609282, 0.12923065095808267, 0.0, 0.18709152881578536, 0.0, 0.39368095973393513, 0.01975303534862556, 0.0, 0.3118570655116405, 0.29746394178395574, 0.0, 0.3849704429508462, 0.21148798707853825, 0.0, 0.3258582078105347, 0.04739336492890995, 0.0, 0.2603800140745954, 0.0, 0.0, 0.0, 0.0]}